video_id,title,upload_date,url,duration,view_count,original_caption_status,canonical_status,candidate_transcript_count,canonical_source_file,transcript_char_count,transcript_word_count,selection_reason,processed_at
-2-vE-EbqBI,Is it really TRUE that ORDERFLOW trading cannot be AUTOMATED?,20260514,https://www.youtube.com/watch?v=-2-vE-EbqBI,552,8975,AVAILABLE,canonical_selected,2,processed\transcripts_txt\-2-vE-EbqBI.en.txt,6861,1267,Selected longest manual English transcript.,2026-05-21T15:57:14.030890
-4H1e2tFovA,#trading #trader #daytrading #finance #strategytrading,20260504,https://www.youtube.com/watch?v=-4H1e2tFovA,18,944,AVAILABLE,canonical_selected,2,processed\transcripts_txt\-4H1e2tFovA.en.txt,338,58,Selected longest manual English transcript.,2026-05-21T15:57:14.031175
-HSpxk3HB60,How to take advantage of the VIX. A simple way not discussed enough #stocks #trading #optionstrading,20251213,https://www.youtube.com/watch?v=-HSpxk3HB60,50,1455,AVAILABLE,canonical_selected,2,processed\transcripts_txt\-HSpxk3HB60.en.txt,869,161,Selected longest manual English transcript.,2026-05-21T15:57:14.031302
-lZbWrPiyWU,Fabio Valentini Exposed ? #trading #trader #orderflow #algotrading #strategytrading,20260513,https://www.youtube.com/watch?v=-lZbWrPiyWU,63,1752,AVAILABLE,canonical_selected,2,processed\transcripts_txt\-lZbWrPiyWU.en.txt,1035,175,Selected longest manual English transcript.,2026-05-21T15:57:14.031413
0DCGY9kEB6c,Do you see the issue here? #trading #trader #daytrading #stockmarket #tradingstrategy,20260129,https://www.youtube.com/watch?v=0DCGY9kEB6c,16,598,MISSING,transcript_missing,0,NONE,0,0,No caption files found on disk.,2026-05-21T15:57:14.031522
0DmSqImHhRM,"This indicator identifies the rolling POC of the past 2 days, how would you use it? #trading",20260110,https://www.youtube.com/watch?v=0DmSqImHhRM,35,511,MISSING,transcript_missing,0,NONE,0,0,No caption files found on disk.,2026-05-21T15:57:14.031525
0mrpsFaPn2o,Backtesting is what institutional traders do 80% of their time #trading #daytrading #treader,20251217,https://www.youtube.com/watch?v=0mrpsFaPn2o,4,1206,MISSING,transcript_missing,0,NONE,0,0,No caption files found on disk.,2026-05-21T15:57:14.031527
0Pdp0d0siYE,We got our first trade in and… here all the considerations#trading #trader #daytrading #stockmarket,20260126,https://www.youtube.com/watch?v=0Pdp0d0siYE,58,853,AVAILABLE,canonical_selected,2,processed\transcripts_txt\0Pdp0d0siYE.en.txt,1160,210,Selected longest manual English transcript.,2026-05-21T15:57:14.031529
0TdmHjQyyBo,"Treat trading like a business, basing your decisions purely on data and not gut feelings #trading",20260101,https://www.youtube.com/watch?v=0TdmHjQyyBo,16,1223,AVAILABLE,canonical_selected,2,processed\transcripts_txt\0TdmHjQyyBo.en.txt,275,42,Selected longest manual English transcript.,2026-05-21T15:57:14.031632
0XsMRxdl930,The more you trade the more commissions they make #trading #trader #daytrading,20260114,https://www.youtube.com/watch?v=0XsMRxdl930,13,141,AVAILABLE,canonical_selected,2,processed\transcripts_txt\0XsMRxdl930.en.txt,272,49,Selected longest manual English transcript.,2026-05-21T15:57:14.031728
0YJTQ3BnCoE,Propfirms can be useful vehicles to learn but they can’t have you winning #trading #trader #propfirm,20260515,https://www.youtube.com/watch?v=0YJTQ3BnCoE,11,2327,MISSING,transcript_missing,0,NONE,0,0,No caption files found on disk.,2026-05-21T15:57:14.031859
18k3N11DBNY,Technology evolves and retail traders are waking up #trading #trader #stocks #stockmarket,20260209,https://www.youtube.com/watch?v=18k3N11DBNY,9,1875,AVAILABLE,canonical_selected,2,processed\transcripts_txt\18k3N11DBNY.en.txt,120,20,Selected longest manual English transcript.,2026-05-21T15:57:14.031861
1fnvze_G8i0,#trading #trader #daytrading #finance #tradingstrategy,20260506,https://www.youtube.com/watch?v=1fnvze_G8i0,18,1407,AVAILABLE,canonical_selected,2,processed\transcripts_txt\1fnvze_G8i0.en.txt,295,52,Selected longest manual English transcript.,2026-05-21T15:57:14.031951
2oeNOkEPpdI,"Read papers or extract the findings using ChatGPT, trade them #trading #trader",20251220,https://www.youtube.com/watch?v=2oeNOkEPpdI,19,1482,AVAILABLE,canonical_selected,2,processed\transcripts_txt\2oeNOkEPpdI.en.txt,301,50,Selected longest manual English transcript.,2026-05-21T15:57:14.032042
37vLeqVVSK0,#trading #trader #daytrading #money #quant #stockmarket,20260228,https://www.youtube.com/watch?v=37vLeqVVSK0,22,2072,AVAILABLE,canonical_selected,2,processed\transcripts_txt\37vLeqVVSK0.en.txt,310,59,Selected longest manual English transcript.,2026-05-21T15:57:14.032142
3lOtDq36F4I,2x High Value #trading #trader #education,20251213,https://www.youtube.com/watch?v=3lOtDq36F4I,7,963,AVAILABLE,canonical_selected,2,processed\transcripts_txt\3lOtDq36F4I.en.txt,119,21,Selected longest manual English transcript.,2026-05-21T15:57:14.032234
3lzfyR2kSO4,Get it on Instagram #trader #trading #tradingstrategy #orderflow,20260516,https://www.youtube.com/watch?v=3lzfyR2kSO4,19,1558,AVAILABLE,canonical_selected,2,processed\transcripts_txt\3lzfyR2kSO4.en.txt,312,57,Selected longest manual English transcript.,2026-05-21T15:57:14.032329
3RHLtqmIElw,Be accountable for the losses and take the credits for the profits #trading #trader #daytrading,20251218,https://www.youtube.com/watch?v=3RHLtqmIElw,5,331,AVAILABLE,transcript_unusable,2,NONE,0,0,All 2 candidates were under 100 characters.,2026-05-21T15:57:14.032430
3zfggSLgJLg,"If you can’t code you cannot automate your #trading  strategy , thankfully ChatGPT can help you",20260107,https://www.youtube.com/watch?v=3zfggSLgJLg,47,1192,AVAILABLE,canonical_selected,2,processed\transcripts_txt\3zfggSLgJLg.en.txt,831,148,Selected longest manual English transcript.,2026-05-21T15:57:14.032509
4095y1Sy01A,I’m here to provide you a different prospective on trading #trading #trader #daytrading,20251218,https://www.youtube.com/watch?v=4095y1Sy01A,31,1371,MISSING,transcript_missing,0,NONE,0,0,No caption files found on disk.,2026-05-21T15:57:14.032603
4EcRjZ_qxO4,Practice vs Theory. Which matters the most in trading? #trading #trader #daytrading,20260109,https://www.youtube.com/watch?v=4EcRjZ_qxO4,18,1312,AVAILABLE,canonical_selected,2,processed\transcripts_txt\4EcRjZ_qxO4.en.txt,291,47,Selected longest manual English transcript.,2026-05-21T15:57:14.032606
4Nkzf-m6xgw,Did you know this about high frequency trading? #trader #trading #highfrequencytrading,20251225,https://www.youtube.com/watch?v=4Nkzf-m6xgw,37,1314,AVAILABLE,canonical_selected,2,processed\transcripts_txt\4Nkzf-m6xgw.en.txt,545,89,Selected longest manual English transcript.,2026-05-21T15:57:14.032693
5c0ApbEpKa4,You get what you’re willing to work for.#trading #motivation #career #finance #stockmarket,20260208,https://www.youtube.com/watch?v=5c0ApbEpKa4,12,1547,AVAILABLE,canonical_selected,2,processed\transcripts_txt\5c0ApbEpKa4.en.txt,182,34,Selected longest manual English transcript.,2026-05-21T15:57:14.032789
5QBZtRuGgO0,It keeps testing the resistance #trading #trader #daytrading #daytrader #stocktrading #stockmarket,20251215,https://www.youtube.com/watch?v=5QBZtRuGgO0,8,2999,MISSING,transcript_missing,0,NONE,0,0,No caption files found on disk.,2026-05-21T15:57:14.032900
5U5TrY95Q30,Make institutional trader  limitations your strengths #trading #trader #daytrading #tradingstrategy,20251223,https://www.youtube.com/watch?v=5U5TrY95Q30,15,342,AVAILABLE,canonical_selected,2,processed\transcripts_txt\5U5TrY95Q30.en.txt,293,50,Selected longest manual English transcript.,2026-05-21T15:57:14.032902
6URj8vH7MnQ,It won’t be easy but it will payoff. #trader #trading #money #motivation,20260109,https://www.youtube.com/watch?v=6URj8vH7MnQ,23,942,AVAILABLE,canonical_selected,2,processed\transcripts_txt\6URj8vH7MnQ.en.txt,158,31,Selected longest manual English transcript.,2026-05-21T15:57:14.032989
6wDvV4cEN-o,Video out today at 11 ET #trading #trader #daytrading #orderflow #algotrading,20260514,https://www.youtube.com/watch?v=6wDvV4cEN-o,28,1032,AVAILABLE,canonical_selected,2,processed\transcripts_txt\6wDvV4cEN-o.en.txt,363,62,Selected longest manual English transcript.,2026-05-21T15:57:14.033077
6wYZW50yCm0,"Christmas tradition watching trading places on Christmas eve, but is it a trading movie? #trading",20251225,https://www.youtube.com/watch?v=6wYZW50yCm0,12,1150,MISSING,transcript_missing,0,NONE,0,0,No caption files found on disk.,2026-05-21T15:57:14.033166
7hYF2gAS3tI,Anyone can trade like an institutional trader #trading #trader #algotrading,20260514,https://www.youtube.com/watch?v=7hYF2gAS3tI,14,1354,AVAILABLE,canonical_selected,2,processed\transcripts_txt\7hYF2gAS3tI.en.txt,180,35,Selected longest manual English transcript.,2026-05-21T15:57:14.033169
7VG4_sgwJC0,Day 11 dividing the data between in sample and out of sample #trader #trading #algotrading #futures,20260111,https://www.youtube.com/watch?v=7VG4_sgwJC0,48,932,AVAILABLE,canonical_selected,2,processed\transcripts_txt\7VG4_sgwJC0.en.txt,874,163,Selected longest manual English transcript.,2026-05-21T15:57:14.033255
7vUD-onKsSw,"With all due respect, He got away with it since 2022 😂#trading #trader #ict #daytrader #daytrading",20260210,https://www.youtube.com/watch?v=7vUD-onKsSw,8,1232,AVAILABLE,canonical_selected,2,processed\transcripts_txt\7vUD-onKsSw.en.txt,141,26,Selected longest manual English transcript.,2026-05-21T15:57:14.033349
7w2sYyoxmg4,Better starting in December 31st than postponing for one more year #trading #trader #daytrading,20251230,https://www.youtube.com/watch?v=7w2sYyoxmg4,7,1554,MISSING,transcript_missing,0,NONE,0,0,No caption files found on disk.,2026-05-21T15:57:14.033434
7Ylt6nkhNUw,Developing swing strategies conditional to the vix can be effective #trading #trader,20260511,https://www.youtube.com/watch?v=7Ylt6nkhNUw,45,1107,AVAILABLE,canonical_selected,2,processed\transcripts_txt\7Ylt6nkhNUw.en.txt,709,127,Selected longest manual English transcript.,2026-05-21T15:57:14.033436
85Xj2OUulM4,I agree it is cool though not gonna lie #trading #trader #daytrading #stockmarket #finance,20260427,https://www.youtube.com/watch?v=85Xj2OUulM4,18,1466,AVAILABLE,canonical_selected,2,processed\transcripts_txt\85Xj2OUulM4.en.txt,364,64,Selected longest manual English transcript.,2026-05-21T15:57:14.033538
88yPwajCxZY,Prop firms are a tool to learn not a path to wealth #trading #trader #daytrading,20260518,https://www.youtube.com/watch?v=88yPwajCxZY,17,1792,AVAILABLE,canonical_selected,2,processed\transcripts_txt\88yPwajCxZY.en.txt,253,49,Selected longest manual English transcript.,2026-05-21T15:57:14.033630
8NJgu9lIRPo,There is no dream that is big enough #trading #treader #motivation #daytrading,20251224,https://www.youtube.com/watch?v=8NJgu9lIRPo,5,1547,MISSING,transcript_missing,0,NONE,0,0,No caption files found on disk.,2026-05-21T15:57:14.033731
8QeevRsmB3o,"You don’t do it for the money, but for the moment money can give you. #trading #money #motivation",20251228,https://www.youtube.com/watch?v=8QeevRsmB3o,10,1452,MISSING,transcript_missing,0,NONE,0,0,No caption files found on disk.,2026-05-21T15:57:14.033733
95-1K9MtB8M,Day 1 of retail and institutional traders are very different #trading #trader #daytrader,20251224,https://www.youtube.com/watch?v=95-1K9MtB8M,16,1395,AVAILABLE,canonical_selected,2,processed\transcripts_txt\95-1K9MtB8M.en.txt,299,53,Selected longest manual English transcript.,2026-05-21T15:57:14.033735
9mb6diq4qQg,Who should I test next? #trading #trader #daytrading #ict #tradingstrategy,20260409,https://www.youtube.com/watch?v=9mb6diq4qQg,70,1300,AVAILABLE,canonical_selected,2,processed\transcripts_txt\9mb6diq4qQg.en.txt,1187,214,Selected longest manual English transcript.,2026-05-21T15:57:14.033837
9RMeN2VCUi8,"Start simple, add complexity later on #trading #trader #finance #algotrading",20260510,https://www.youtube.com/watch?v=9RMeN2VCUi8,22,1284,AVAILABLE,canonical_selected,2,processed\transcripts_txt\9RMeN2VCUi8.en.txt,425,65,Selected longest manual English transcript.,2026-05-21T15:57:14.033940
9XArDoDAEzs,Where to get trading strategies ideas #trading #trader #daytrading #daytrader,20251220,https://www.youtube.com/watch?v=9XArDoDAEzs,14,1370,AVAILABLE,canonical_selected,2,processed\transcripts_txt\9XArDoDAEzs.en.txt,210,35,Selected longest manual English transcript.,2026-05-21T15:57:14.034035
@MatFinOg,MatFinOg,UNKNOWN,https://www.youtube.com/@MatFinOg,UNKNOWN,UNKNOWN,MISSING,metadata_only,0,NONE,0,0,N/A,2026-05-21T15:57:14.034141
a6XFTUTay74,You either backtest it before trading or you shouldn’t trade it at all #tradinglesson #trader,20251217,https://www.youtube.com/watch?v=a6XFTUTay74,20,2119,AVAILABLE,canonical_selected,2,processed\transcripts_txt\a6XFTUTay74.en.txt,438,82,Selected longest manual English transcript.,2026-05-21T15:57:14.034143
a7p8F74qW4E,#trading #trader #quant #finance #daytrading,20260504,https://www.youtube.com/watch?v=a7p8F74qW4E,24,862,AVAILABLE,canonical_selected,2,processed\transcripts_txt\a7p8F74qW4E.en.txt,146,28,Selected longest manual English transcript.,2026-05-21T15:57:14.034243
A8bBTREAa4I,Crazy to think about it #trading #trader #nasdaq #investing #money,20260513,https://www.youtube.com/watch?v=A8bBTREAa4I,11,721,AVAILABLE,canonical_selected,2,processed\transcripts_txt\A8bBTREAa4I.en.txt,150,31,Selected longest manual English transcript.,2026-05-21T15:57:14.034332
adY3F258IOg,Identifying the difference between the price and the value is the corner stone of finance #trading,20251228,https://www.youtube.com/watch?v=adY3F258IOg,49,1069,AVAILABLE,canonical_selected,2,processed\transcripts_txt\adY3F258IOg.en.txt,710,128,Selected longest manual English transcript.,2026-05-21T15:57:14.034422
amUzCR8vAuk,If your inputs are in robust areas you and you have signs of profitability out of sample ✅ #trading,20260119,https://www.youtube.com/watch?v=amUzCR8vAuk,38,302,AVAILABLE,canonical_selected,2,processed\transcripts_txt\amUzCR8vAuk.en.txt,711,136,Selected longest manual English transcript.,2026-05-21T15:57:14.034627
B3YKJ129pxA,This is the recipe to succeed in 2026 and the years to come #success #finance #business,20260511,https://www.youtube.com/watch?v=B3YKJ129pxA,42,246,MISSING,transcript_missing,0,NONE,0,0,No caption files found on disk.,2026-05-21T15:57:14.034738
B4rKs1Qfsew,"You cannot have chatgpt coding for you, and  you can change that. #trading #trader #coding",20260114,https://www.youtube.com/watch?v=B4rKs1Qfsew,12,494,MISSING,transcript_missing,0,NONE,0,0,No caption files found on disk.,2026-05-21T15:57:14.034740
bC57VrqZDvA,If you are trading opening range breakouts you need to listen to this #trading #trader #daytrading,20251212,https://www.youtube.com/watch?v=bC57VrqZDvA,33,2461,AVAILABLE,canonical_selected,2,processed\transcripts_txt\bC57VrqZDvA.en.txt,631,103,Selected longest manual English transcript.,2026-05-21T15:57:14.034742
bEGNOVe48s8,"Day 3, load the instrument data you want to develop your strategy on #trading #trader",20260103,https://www.youtube.com/watch?v=bEGNOVe48s8,16,717,AVAILABLE,canonical_selected,2,processed\transcripts_txt\bEGNOVe48s8.en.txt,291,53,Selected longest manual English transcript.,2026-05-21T15:57:14.034886
BgZZNXOWRJ4,The ending proofs that consistency always wins#trading #trader #math #mindset #motivation,20260519,https://www.youtube.com/watch?v=BgZZNXOWRJ4,11,6254,MISSING,transcript_missing,0,NONE,0,0,No caption files found on disk.,2026-05-21T15:57:14.034993
bI5JweJ2zK4,Considerations 5 days out #trading #treader #daytrading #stocktrading #stockmarket,20260125,https://www.youtube.com/watch?v=bI5JweJ2zK4,36,1203,AVAILABLE,canonical_selected,2,processed\transcripts_txt\bI5JweJ2zK4.en.txt,655,112,Selected longest manual English transcript.,2026-05-21T15:57:14.034996
boSkIJ7rdhQ,"Just focus on your targets, and make them reasonable, no one will reward unreasonable trader #trader",20260518,https://www.youtube.com/watch?v=boSkIJ7rdhQ,18,777,AVAILABLE,canonical_selected,2,processed\transcripts_txt\boSkIJ7rdhQ.en.txt,281,51,Selected longest manual English transcript.,2026-05-21T15:57:14.035089
bWs616mrnl4,Working hard doesn’t entitle you anything is a requirement for success tough #motivation #trading,20251216,https://www.youtube.com/watch?v=bWs616mrnl4,10,542,MISSING,transcript_missing,0,NONE,0,0,No caption files found on disk.,2026-05-21T15:57:14.035194
Bz-0gtOSoGM,#orderflow #treader #trading #daytrading,20260202,https://www.youtube.com/watch?v=Bz-0gtOSoGM,10,1118,AVAILABLE,canonical_selected,2,processed\transcripts_txt\Bz-0gtOSoGM.en.txt,137,24,Selected longest manual English transcript.,2026-05-21T15:57:14.035196
BzP7JLr1NOI,For the beginner algotrader #trader #trading #beginnertrading #daytrading,20260309,https://www.youtube.com/watch?v=BzP7JLr1NOI,9,1218,AVAILABLE,canonical_selected,2,processed\transcripts_txt\BzP7JLr1NOI.en.txt,162,22,Selected longest manual English transcript.,2026-05-21T15:57:14.035297
C0io_jg0-yE,What is alpha decay? #trading #trader #daytrading #tradingstrategy,20251210,https://www.youtube.com/watch?v=C0io_jg0-yE,23,2830,MISSING,transcript_missing,0,NONE,0,0,No caption files found on disk.,2026-05-21T15:57:14.035387
CaGI5D-_o1g,Trading rewards one skill #trading #trader #daytrading #finance #forextrading #xauusd,20251215,https://www.youtube.com/watch?v=CaGI5D-_o1g,24,1774,AVAILABLE,canonical_selected,2,processed\transcripts_txt\CaGI5D-_o1g.en.txt,315,53,Selected longest manual English transcript.,2026-05-21T15:57:14.035389
cBhkEFXqHjc,"Strong character, healthy body, make money. Not the other way around #trading #motivation #money",20251212,https://www.youtube.com/watch?v=cBhkEFXqHjc,11,1993,AVAILABLE,canonical_selected,2,processed\transcripts_txt\cBhkEFXqHjc.en.txt,141,24,Selected longest manual English transcript.,2026-05-21T15:57:14.035483
CcmM9fKF_lA,Where to find  historical time series for Options #trading #trader #optiontrading #tradingstrategy,20260112,https://www.youtube.com/watch?v=CcmM9fKF_lA,14,497,AVAILABLE,canonical_selected,2,processed\transcripts_txt\CcmM9fKF_lA.en.txt,263,39,Selected longest manual English transcript.,2026-05-21T15:57:14.035579
cMK2T912QEM,Addiction or passion? #trading #trader #crypto #daytrading #stockmarket,20260103,https://www.youtube.com/watch?v=cMK2T912QEM,7,242,AVAILABLE,transcript_unusable,2,NONE,0,0,All 2 candidates were under 100 characters.,2026-05-21T15:57:14.035683
cq9_2U7Eq7o,Did you know about its existence?#trading #trader #bloomberg #ai #finance,20260127,https://www.youtube.com/watch?v=cq9_2U7Eq7o,23,473,AVAILABLE,canonical_selected,2,processed\transcripts_txt\cq9_2U7Eq7o.en.txt,431,75,Selected longest manual English transcript.,2026-05-21T15:57:14.035757
Crb3lD2WKMg,What is overfitting #trading #trader #institutionaltrading #quant #daytrading,20260116,https://www.youtube.com/watch?v=Crb3lD2WKMg,53,620,AVAILABLE,canonical_selected,2,processed\transcripts_txt\Crb3lD2WKMg.en.txt,973,166,Selected longest manual English transcript.,2026-05-21T15:57:14.035868
cWjs7HO-AG0,He is ambitious thiugh #trading #finance #education #stockmarket #trader,20260107,https://www.youtube.com/watch?v=cWjs7HO-AG0,9,1266,AVAILABLE,transcript_unusable,1,NONE,0,0,All candidate transcripts were empty.,2026-05-21T15:57:14.035965
CWYXuxRJJzY,Giving retail traders the tools to trade like institutionals would #trading #trader,20251227,https://www.youtube.com/watch?v=CWYXuxRJJzY,5,1606,MISSING,transcript_missing,0,NONE,0,0,No caption files found on disk.,2026-05-21T15:57:14.035999
D8JTL2nr288,What you need to trade like an institutional trader. #Trading #trader #forex #daytrading,20260115,https://www.youtube.com/watch?v=D8JTL2nr288,15,589,AVAILABLE,canonical_selected,2,processed\transcripts_txt\D8JTL2nr288.en.txt,300,52,Selected longest manual English transcript.,2026-05-21T15:57:14.036001
deZSSo8sD4I,Tradingview is not the best option in my opinion #tradingview #backtesting #trading #trader,20260508,https://www.youtube.com/watch?v=deZSSo8sD4I,19,1424,MISSING,transcript_missing,0,NONE,0,0,No caption files found on disk.,2026-05-21T15:57:14.036091
dMGdMqEnDhQ,Knowing what you are doing allows you to take better decisions #trading #trader #daytrading #stocks,20260128,https://www.youtube.com/watch?v=dMGdMqEnDhQ,40,608,AVAILABLE,canonical_selected,2,processed\transcripts_txt\dMGdMqEnDhQ.en.txt,759,137,Selected longest manual English transcript.,2026-05-21T15:57:14.036093
DmzhV5VV_K4,Do you want to play a game? #finance #trading #daytrading #investing #bank #stockmarket,20251211,https://www.youtube.com/watch?v=DmzhV5VV_K4,6,1840,MISSING,transcript_missing,0,NONE,0,0,No caption files found on disk.,2026-05-21T15:57:14.036194
dnV6AjUL28w,They tell you “you can trade from your phone” so they have a larger customers base #trading #trader,20260430,https://www.youtube.com/watch?v=dnV6AjUL28w,11,2039,MISSING,transcript_missing,0,NONE,0,0,No caption files found on disk.,2026-05-21T15:57:14.036203
duJo1VVVktE,How to maximize your chances to become an institutional #trader #trading #finance,20251230,https://www.youtube.com/watch?v=duJo1VVVktE,24,392,AVAILABLE,canonical_selected,2,processed\transcripts_txt\duJo1VVVktE.en.txt,460,88,Selected longest manual English transcript.,2026-05-21T15:57:14.036204
DVqX97DDj7Q,How to find trading research papers for free #trading #trader #tradingstrategy #finance,20251221,https://www.youtube.com/watch?v=DVqX97DDj7Q,6,397,MISSING,transcript_missing,0,NONE,0,0,No caption files found on disk.,2026-05-21T15:57:14.036295
DxeFt7yIcqk,Making money consistently is about a well structured process #trading #trader #daytrading,20260520,https://www.youtube.com/watch?v=DxeFt7yIcqk,23,1132,AVAILABLE,canonical_selected,2,processed\transcripts_txt\DxeFt7yIcqk.en.txt,310,54,Selected longest manual English transcript.,2026-05-21T15:57:14.036297
DY5InolEfrw,#trading #ai #trader #finance,20260221,https://www.youtube.com/watch?v=DY5InolEfrw,34,1169,AVAILABLE,canonical_selected,2,processed\transcripts_txt\DY5InolEfrw.en.txt,614,108,Selected longest manual English transcript.,2026-05-21T15:57:14.036393
EH_0SCbu21M,Quick and simple overfitting check #trading #trader #daytrading #algotrading #stockmarket,20260117,https://www.youtube.com/watch?v=EH_0SCbu21M,46,972,AVAILABLE,canonical_selected,2,processed\transcripts_txt\EH_0SCbu21M.en.txt,721,127,Selected longest manual English transcript.,2026-05-21T15:57:14.036491
EL73akuHskc,Not all the 9 to 5 are the same. #trading #quant #corporatelife #corporate #finance,20260503,https://www.youtube.com/watch?v=EL73akuHskc,10,1979,MISSING,transcript_missing,0,NONE,0,0,No caption files found on disk.,2026-05-21T15:57:14.036607
enRucxedp-0,Some of them are easy to identify and to take advantage of #trading #trader #daytrading #finance,20260519,https://www.youtube.com/watch?v=enRucxedp-0,29,2210,AVAILABLE,canonical_selected,2,processed\transcripts_txt\enRucxedp-0.en.txt,404,69,Selected longest manual English transcript.,2026-05-21T15:57:14.036609
ESp_W1EBhUw,What would you do? #trading #daytrading #trader #finance,20251219,https://www.youtube.com/watch?v=ESp_W1EBhUw,11,80,AVAILABLE,transcript_unusable,2,NONE,0,0,All 2 candidates were under 100 characters.,2026-05-21T15:57:14.036700
eTbm2XLvCCo,It is rare to see both market and dollar down #trading #trader #finance #stockmarket #investing,20260120,https://www.youtube.com/watch?v=eTbm2XLvCCo,15,1238,AVAILABLE,canonical_selected,2,processed\transcripts_txt\eTbm2XLvCCo.en.txt,278,50,Selected longest manual English transcript.,2026-05-21T15:57:14.036773
EyWRboolNg4,Institutional trading starts before the first entry.#trading #trader #daytrading #stockmarket,20251219,https://www.youtube.com/watch?v=EyWRboolNg4,5,966,MISSING,transcript_missing,0,NONE,0,0,No caption files found on disk.,2026-05-21T15:57:14.036887
E_z4MbQWCxw,"An edge isn’t given by a setup, it’s obtained by a process. #trading #trader #daytrading #finance",20251215,https://www.youtube.com/watch?v=E_z4MbQWCxw,6,312,MISSING,transcript_missing,0,NONE,0,0,No caption files found on disk.,2026-05-21T15:57:14.036889
fDUnFPX24EM,"This already resulted in 2 people working with me, I’m sure there will be many more to come! #trader",20260509,https://www.youtube.com/watch?v=fDUnFPX24EM,44,300,AVAILABLE,canonical_selected,2,processed\transcripts_txt\fDUnFPX24EM.en.txt,668,125,Selected longest manual English transcript.,2026-05-21T15:57:14.036891
FriCXlHYaw4,2026 is all about Institutional grade trading #trading #trader #tradingstrategy #daytrading,20251224,https://www.youtube.com/watch?v=FriCXlHYaw4,10,300,MISSING,transcript_missing,0,NONE,0,0,No caption files found on disk.,2026-05-21T15:57:14.036985
FRiYXQ25Qns,2025 top 3 Hedge Funds #trading #trader #investing #stocktrading #stockmarket #forex,20260121,https://www.youtube.com/watch?v=FRiYXQ25Qns,42,567,AVAILABLE,canonical_selected,2,processed\transcripts_txt\FRiYXQ25Qns.en.txt,742,116,Selected longest manual English transcript.,2026-05-21T15:57:14.036987
Fu67Vu_njuw,Dropping this in the private video series this weekend  #trading #trader #daytrading,20260128,https://www.youtube.com/watch?v=Fu67Vu_njuw,48,362,MISSING,transcript_missing,0,NONE,0,0,No caption files found on disk.,2026-05-21T15:57:14.037080
fV-w0AiZnsg,The grail is a set of uncorrelated strategies that makes you money every single month #trading,20260510,https://www.youtube.com/watch?v=fV-w0AiZnsg,15,1525,AVAILABLE,canonical_selected,2,processed\transcripts_txt\fV-w0AiZnsg.en.txt,261,48,Selected longest manual English transcript.,2026-05-21T15:57:14.037082
FzRbVu1MqXk,Awareness is the antidote to emotions #trading #trader #daytrading #tradingstrategy #money,20260220,https://www.youtube.com/watch?v=FzRbVu1MqXk,16,1444,AVAILABLE,canonical_selected,2,processed\transcripts_txt\FzRbVu1MqXk.en.txt,265,47,Selected longest manual English transcript.,2026-05-21T15:57:14.037170
G-28REaXfls,Overnight success I worked on for 10 years #trading #treader #daytrading #stocktrading,20251226,https://www.youtube.com/watch?v=G-28REaXfls,7,1422,MISSING,transcript_missing,0,NONE,0,0,No caption files found on disk.,2026-05-21T15:57:14.037258
G-pYL-zHcUw,#orderflow #trading #trader #stocktrading,20260210,https://www.youtube.com/watch?v=G-pYL-zHcUw,42,1094,AVAILABLE,canonical_selected,2,processed\transcripts_txt\G-pYL-zHcUw.en.txt,743,130,Selected longest manual English transcript.,2026-05-21T15:57:14.037260
GAyFp-ctlzc,It’s a crusade by now #trading #trader #daytrading #money #finance,20260506,https://www.youtube.com/watch?v=GAyFp-ctlzc,32,1253,MISSING,transcript_missing,0,NONE,0,0,No caption files found on disk.,2026-05-21T15:57:14.037356
gGMSvvktvVk,#trading #trader #daytrading #daytrader #stockmarket,20260203,https://www.youtube.com/watch?v=gGMSvvktvVk,17,4155,AVAILABLE,canonical_selected,2,processed\transcripts_txt\gGMSvvktvVk.en.txt,325,55,Selected longest manual English transcript.,2026-05-21T15:57:14.037358
GmkWQCH7Elw,And you can learn and apply all of this too to your #trading  #treader #stockmarket #crypto,20260117,https://www.youtube.com/watch?v=GmkWQCH7Elw,16,1885,AVAILABLE,transcript_unusable,2,NONE,0,0,All 2 candidates were under 100 characters.,2026-05-21T15:57:14.037451
gv0e9MWEvFk,Do you know how to size your position? #trading #trader #daytrading #daytrader #stocktrading,20260123,https://www.youtube.com/watch?v=gv0e9MWEvFk,47,959,AVAILABLE,canonical_selected,2,processed\transcripts_txt\gv0e9MWEvFk.en.txt,751,134,Selected longest manual English transcript.,2026-05-21T15:57:14.037530
GXsExPzpyhU,How to start automating your #trading strategies #algotrading #trader #daytrading,20260516,https://www.youtube.com/watch?v=GXsExPzpyhU,24,862,AVAILABLE,canonical_selected,2,processed\transcripts_txt\GXsExPzpyhU.en.txt,398,73,Selected longest manual English transcript.,2026-05-21T15:57:14.037630
GxZjgeHoBos,"How to start with algotrading in 30 days, full process link in bio #trading #trader #tradingstrategy",20260101,https://www.youtube.com/watch?v=GxZjgeHoBos,45,1669,AVAILABLE,canonical_selected,2,processed\transcripts_txt\GxZjgeHoBos.en.txt,830,150,Selected longest manual English transcript.,2026-05-21T15:57:14.037722
g_P0ihKZz2g,#trading #trader #daytrading #stocktrading,20260215,https://www.youtube.com/watch?v=g_P0ihKZz2g,16,1432,AVAILABLE,canonical_selected,2,processed\transcripts_txt\g_P0ihKZz2g.en.txt,304,46,Selected longest manual English transcript.,2026-05-21T15:57:14.037831
HGbS96RaNxU,You don’t need drones to collect alternative data #tradingtips #trading #hedgefund #tradingstrategy,20260216,https://www.youtube.com/watch?v=HGbS96RaNxU,10,2335,AVAILABLE,canonical_selected,2,processed\transcripts_txt\HGbS96RaNxU.en.txt,180,31,Selected longest manual English transcript.,2026-05-21T15:57:14.037922
Hivlpc7kW64,She lied #trading #trader #daytrading #money #finance,20260107,https://www.youtube.com/watch?v=Hivlpc7kW64,9,980,MISSING,transcript_missing,0,NONE,0,0,No caption files found on disk.,2026-05-21T15:57:14.038006
hKGjm1zlmIA,It’s the thought that counts 🎄🎅🏼#christmas #presents #trading #money,20251221,https://www.youtube.com/watch?v=hKGjm1zlmIA,6,691,MISSING,transcript_missing,0,NONE,0,0,No caption files found on disk.,2026-05-21T15:57:14.038010
hM62syeUOnk,"Set goals, and break your own expectations.#trading #trader #motivation #tradinglifestyle #finance",20260101,https://www.youtube.com/watch?v=hM62syeUOnk,8,80,MISSING,transcript_missing,0,NONE,0,0,No caption files found on disk.,2026-05-21T15:57:14.038011
i9Ph3urJ1_o,I’m sure AI can code your trading strategy #trading #trader #finance #daytrading #investing,20260511,https://www.youtube.com/watch?v=i9Ph3urJ1_o,18,705,MISSING,transcript_missing,0,NONE,0,0,No caption files found on disk.,2026-05-21T15:57:14.038013
IbYxgtopuy8,For Christmas 😅 The truth: you don’t need a fancy set up to trade like an institutional #trader,20251223,https://www.youtube.com/watch?v=IbYxgtopuy8,8,1103,MISSING,transcript_missing,0,NONE,0,0,No caption files found on disk.,2026-05-21T15:57:14.038014
IClE1VGtLbY,#Finance degree in Europe gives you a strong theoretical foundation but zero practice #trading,20260118,https://www.youtube.com/watch?v=IClE1VGtLbY,21,731,AVAILABLE,canonical_selected,2,processed\transcripts_txt\IClE1VGtLbY.en.txt,414,74,Selected longest manual English transcript.,2026-05-21T15:57:14.038015
IJQSUVaQZRw,know which one are the three most important statistics when backtesting your #tradingstrategy,20260112,https://www.youtube.com/watch?v=IJQSUVaQZRw,63,396,AVAILABLE,canonical_selected,2,processed\transcripts_txt\IJQSUVaQZRw.en.txt,1097,198,Selected longest manual English transcript.,2026-05-21T15:57:14.038107
iM2sSg6_1S4,As long as you use them to learn and not to get rich prop firms can be useful. #trader #propfirms,20251228,https://www.youtube.com/watch?v=iM2sSg6_1S4,37,1248,AVAILABLE,canonical_selected,2,processed\transcripts_txt\iM2sSg6_1S4.en.txt,616,113,Selected longest manual English transcript.,2026-05-21T15:57:14.038213
io7kt-88C34,TJR exposed #trading #trader #tjr #tradingstrategy #ict,20260412,https://www.youtube.com/watch?v=io7kt-88C34,56,962,AVAILABLE,canonical_selected,2,processed\transcripts_txt\io7kt-88C34.en.txt,994,167,Selected longest manual English transcript.,2026-05-21T15:57:14.038306
IsIVdPPfRsM,Only YOU can do the work YOU need to reach the results YOU want. #trading #daytrading #motivation,20251214,https://www.youtube.com/watch?v=IsIVdPPfRsM,19,718,MISSING,transcript_missing,0,NONE,0,0,No caption files found on disk.,2026-05-21T15:57:14.038399
JBuBK4lqBE4,"Starting is important, staying consistent for the full year is everything #trading #trader",20251231,https://www.youtube.com/watch?v=JBuBK4lqBE4,23,181,AVAILABLE,canonical_selected,2,processed\transcripts_txt\JBuBK4lqBE4.en.txt,373,73,Selected longest manual English transcript.,2026-05-21T15:57:14.038401
JC1yAmRV0O4,Either you evolve or pay for it #trading #business #ai #trader,20260515,https://www.youtube.com/watch?v=JC1yAmRV0O4,17,1930,AVAILABLE,canonical_selected,2,processed\transcripts_txt\JC1yAmRV0O4.en.txt,298,56,Selected longest manual English transcript.,2026-05-21T15:57:14.038499
JDizrhsqlck,Ready for what’s next. #trading #finance #trader #money #motivation,20251231,https://www.youtube.com/watch?v=JDizrhsqlck,11,337,MISSING,transcript_missing,0,NONE,0,0,No caption files found on disk.,2026-05-21T15:57:14.038590
JfCj1wwjuic,#trading #trader #stocktrading #stocks,20260207,https://www.youtube.com/watch?v=JfCj1wwjuic,28,1252,AVAILABLE,canonical_selected,2,processed\transcripts_txt\JfCj1wwjuic.en.txt,586,99,Selected longest manual English transcript.,2026-05-21T15:57:14.038592
jMahR2m41G8,Leverage AI to your trading strategy research process #trading #trader #daytrading #tradingstrategy,20260517,https://www.youtube.com/watch?v=jMahR2m41G8,40,684,AVAILABLE,canonical_selected,2,processed\transcripts_txt\jMahR2m41G8.en.txt,441,75,Selected longest manual English transcript.,2026-05-21T15:57:14.038683
JMphTG4anHA,What is your favorite VPS provider? #trading #tech #vps #cloudcomputing,20251214,https://www.youtube.com/watch?v=JMphTG4anHA,15,342,AVAILABLE,canonical_selected,2,processed\transcripts_txt\JMphTG4anHA.en.txt,265,46,Selected longest manual English transcript.,2026-05-21T15:57:14.038780
jN-b-NT3mWE,Strategies based on insider activity has been for years very effective #trading #investing #trader,20260509,https://www.youtube.com/watch?v=jN-b-NT3mWE,24,1816,AVAILABLE,canonical_selected,2,processed\transcripts_txt\jN-b-NT3mWE.en.txt,377,63,Selected longest manual English transcript.,2026-05-21T15:57:14.038892
JrDxvFH9yQE,The key is marginal improvements. #trading #motivation  #selfimprovement #personalgrowth,20260105,https://www.youtube.com/watch?v=JrDxvFH9yQE,26,1368,AVAILABLE,canonical_selected,2,processed\transcripts_txt\JrDxvFH9yQE.en.txt,480,87,Selected longest manual English transcript.,2026-05-21T15:57:14.038982
JrQXx7Wngrc,Manually trading on charts is a trap #trader #trading #daytrading #stockmarket #orderflow,20260228,https://www.youtube.com/watch?v=JrQXx7Wngrc,18,2218,AVAILABLE,canonical_selected,2,processed\transcripts_txt\JrQXx7Wngrc.en.txt,290,52,Selected longest manual English transcript.,2026-05-21T15:57:14.039080
JUNtUqH-HBE,Today we need to define an exit condition.#trading #trader #tradingstrategy #algotrader #daytrading,20260105,https://www.youtube.com/watch?v=JUNtUqH-HBE,37,716,AVAILABLE,canonical_selected,2,processed\transcripts_txt\JUNtUqH-HBE.en.txt,653,124,Selected longest manual English transcript.,2026-05-21T15:57:14.039171
kA1yM1QCCDA,Being aware and not being a victim of the Market is what makes the difference .#trading #trader,20260508,https://www.youtube.com/watch?v=kA1yM1QCCDA,32,935,AVAILABLE,canonical_selected,2,processed\transcripts_txt\kA1yM1QCCDA.en.txt,548,93,Selected longest manual English transcript.,2026-05-21T15:57:14.039284
kBTZcjXzmtw,The most bullish fund on earth #trading #trader #hedgefund #ai #stockmarket,20260520,https://www.youtube.com/watch?v=kBTZcjXzmtw,38,580,AVAILABLE,canonical_selected,2,processed\transcripts_txt\kBTZcjXzmtw.en.txt,519,87,Selected longest manual English transcript.,2026-05-21T15:57:14.039378
kD2HGkpdW2w,Get access to data few have #trading #trader #daytrading #tradingstrategy #stockmarket,20251223,https://www.youtube.com/watch?v=kD2HGkpdW2w,20,302,AVAILABLE,canonical_selected,2,processed\transcripts_txt\kD2HGkpdW2w.en.txt,340,61,Selected longest manual English transcript.,2026-05-21T15:57:14.039471
kh0tIGxkF6Y,How to avoid overfitting (aka fooling yourself) when developing a #trading strategy #trader,20251230,https://www.youtube.com/watch?v=kh0tIGxkF6Y,21,103,AVAILABLE,canonical_selected,2,processed\transcripts_txt\kh0tIGxkF6Y.en.txt,391,73,Selected longest manual English transcript.,2026-05-21T15:57:14.039564
kHdABR7ktmw,#trading #trader #daytrading #finance #tradingstrategy,20260503,https://www.youtube.com/watch?v=kHdABR7ktmw,23,1732,MISSING,transcript_missing,0,NONE,0,0,No caption files found on disk.,2026-05-21T15:57:14.039654
kmOZSRTrpLM,Be delusional and believe in yourself.  #trader #motivation #motivationalquotes #tradingmotivation,20260430,https://www.youtube.com/watch?v=kmOZSRTrpLM,18,1454,AVAILABLE,canonical_selected,2,processed\transcripts_txt\kmOZSRTrpLM.en.txt,183,31,Selected longest manual English transcript.,2026-05-21T15:57:14.039656
KWroqpJ-zvA,"Entry and exit conditions added, now remember to include a takeprofit and stoploss #trading #trader",20260106,https://www.youtube.com/watch?v=KWroqpJ-zvA,34,1352,AVAILABLE,canonical_selected,2,processed\transcripts_txt\KWroqpJ-zvA.en.txt,603,105,Selected longest manual English transcript.,2026-05-21T15:57:14.039740
LHvIwnp9ZCs,You are the victim of decades of lies #trading #trader #daytrading #finance,20260507,https://www.youtube.com/watch?v=LHvIwnp9ZCs,21,1873,MISSING,transcript_missing,0,NONE,0,0,No caption files found on disk.,2026-05-21T15:57:14.039855
loUKVL_v2Ug,There is a big difference that you need to know between easy and simple#trading #trader #daytrading,20260508,https://www.youtube.com/watch?v=loUKVL_v2Ug,8,1263,AVAILABLE,canonical_selected,2,processed\transcripts_txt\loUKVL_v2Ug.en.txt,149,29,Selected longest manual English transcript.,2026-05-21T15:57:14.039857
lTdlQVta4As,#trading #trader #daytrading #tradingstrategy #finance,20260502,https://www.youtube.com/watch?v=lTdlQVta4As,20,860,MISSING,transcript_missing,0,NONE,0,0,No caption files found on disk.,2026-05-21T15:57:14.039950
LtpzFu_sHfk,#trading #trader #quant #tradingstrategy #daytrading,20260302,https://www.youtube.com/watch?v=LtpzFu_sHfk,18,1266,AVAILABLE,canonical_selected,2,processed\transcripts_txt\LtpzFu_sHfk.en.txt,317,49,Selected longest manual English transcript.,2026-05-21T15:57:14.039953
Ma6OM8CDylg,B-ALL-IN #ballin #motivation #balling #trading #tradingmotivation,20260104,https://www.youtube.com/watch?v=Ma6OM8CDylg,11,1450,AVAILABLE,transcript_unusable,2,NONE,0,0,All 2 candidates were under 100 characters.,2026-05-21T15:57:14.040042
mBUw8ViXQ2A,For how long have you been #trading for? #trader #finance #money,20260110,https://www.youtube.com/watch?v=mBUw8ViXQ2A,9,1305,MISSING,transcript_missing,0,NONE,0,0,No caption files found on disk.,2026-05-21T15:57:14.040118
mcCbaglNCtI,There is many ways to make a lot of money #trader #lawyer #career #careerpath #money,20260515,https://www.youtube.com/watch?v=mcCbaglNCtI,14,1001,AVAILABLE,canonical_selected,2,processed\transcripts_txt\mcCbaglNCtI.en.txt,207,35,Selected longest manual English transcript.,2026-05-21T15:57:14.040120
mDBtiztq9gg,Which one are you? #trading #trader #daytrading #stocktrading,20260128,https://www.youtube.com/watch?v=mDBtiztq9gg,14,751,AVAILABLE,canonical_selected,2,processed\transcripts_txt\mDBtiztq9gg.en.txt,287,51,Selected longest manual English transcript.,2026-05-21T15:57:14.040203
Mhd0gy_HWxI,The book is what I wish I had before stepping on the trading floor for the first time. #trading,20251219,https://www.youtube.com/watch?v=Mhd0gy_HWxI,19,1206,AVAILABLE,canonical_selected,2,processed\transcripts_txt\Mhd0gy_HWxI.en.txt,296,51,Selected longest manual English transcript.,2026-05-21T15:57:14.040288
mJwjh_chGA4,#trading #trader #stocktrading #forex #daytrading,20260123,https://www.youtube.com/watch?v=mJwjh_chGA4,7,937,AVAILABLE,canonical_selected,2,processed\transcripts_txt\mJwjh_chGA4.en.txt,136,23,Selected longest manual English transcript.,2026-05-21T15:57:14.040376
MN1Hz4IcXxE,If you don’t start browsing around my page #trading #trader #daytrading,20251222,https://www.youtube.com/watch?v=MN1Hz4IcXxE,10,588,AVAILABLE,transcript_unusable,1,NONE,0,0,All 1 candidates were under 100 characters.,2026-05-21T15:57:14.040475
mpl8Y155KeE,Auto trading is enabled now what we have left is waiting for the market to open on Monday #trading,20260124,https://www.youtube.com/watch?v=mpl8Y155KeE,28,544,AVAILABLE,canonical_selected,2,processed\transcripts_txt\mpl8Y155KeE.en.txt,529,98,Selected longest manual English transcript.,2026-05-21T15:57:14.040517
MPTLH7qgqH0,#trading #trader #daytrading #finance #money #tradingquotes,20260506,https://www.youtube.com/watch?v=MPTLH7qgqH0,9,1708,AVAILABLE,canonical_selected,2,processed\transcripts_txt\MPTLH7qgqH0.en.txt,180,32,Selected longest manual English transcript.,2026-05-21T15:57:14.040609
mSk6tQ6p-Xg,Learn how to develop your own trading strategies #trading #trader #daytrading #daytrader,20260517,https://www.youtube.com/watch?v=mSk6tQ6p-Xg,14,2147,AVAILABLE,canonical_selected,2,processed\transcripts_txt\mSk6tQ6p-Xg.en.txt,250,41,Selected longest manual English transcript.,2026-05-21T15:57:14.040696
n-gBw4DshXs,Free trading research commenting EDGE on this reel on Instagram #trading #trader #tradingstrategy,20260518,https://www.youtube.com/watch?v=n-gBw4DshXs,31,1002,AVAILABLE,canonical_selected,2,processed\transcripts_txt\n-gBw4DshXs.en.txt,473,81,Selected longest manual English transcript.,2026-05-21T15:57:14.040782
n6z4X34uJ2w,You can’t expect to have the results of the 1% doing what the 99% does.#trading #forex  #stockmarket,20260113,https://www.youtube.com/watch?v=n6z4X34uJ2w,30,1101,AVAILABLE,canonical_selected,2,processed\transcripts_txt\n6z4X34uJ2w.en.txt,418,72,Selected longest manual English transcript.,2026-05-21T15:57:14.040896
n8hcRpBPNxg,If you get anything out of this video follow and have a look around #trading #trader #daytrading,20251231,https://www.youtube.com/watch?v=n8hcRpBPNxg,29,266,AVAILABLE,canonical_selected,2,processed\transcripts_txt\n8hcRpBPNxg.en.txt,444,82,Selected longest manual English transcript.,2026-05-21T15:57:14.040989
nc54PhWhZJE,How to run an interpret a Montecarlo analysis on Multicharts #trading #trader #algotrading #stocks,20260115,https://www.youtube.com/watch?v=nc54PhWhZJE,67,780,AVAILABLE,canonical_selected,2,processed\transcripts_txt\nc54PhWhZJE.en.txt,1194,206,Selected longest manual English transcript.,2026-05-21T15:57:14.041079
NjMSVY3tTEE,You can #backtest anything you want to and that’s why you should #trading #daytrading #treader,20251217,https://www.youtube.com/watch?v=NjMSVY3tTEE,40,1516,AVAILABLE,canonical_selected,2,processed\transcripts_txt\NjMSVY3tTEE.en.txt,749,141,Selected longest manual English transcript.,2026-05-21T15:57:14.041176
nUviJcgm25o,How to stop emotional trading #trading #trader #daytrading #stockmarket,20251211,https://www.youtube.com/watch?v=nUviJcgm25o,19,2012,AVAILABLE,canonical_selected,2,processed\transcripts_txt\nUviJcgm25o.en.txt,355,60,Selected longest manual English transcript.,2026-05-21T15:57:14.041267
nzTDI18LSQ8,How can you think to be a good trader if you don’t know this? #trading #trader #daytrading,20260512,https://www.youtube.com/watch?v=nzTDI18LSQ8,30,1274,AVAILABLE,canonical_selected,2,processed\transcripts_txt\nzTDI18LSQ8.en.txt,524,93,Selected longest manual English transcript.,2026-05-21T15:57:14.041372
o5hZO_rMhBw,It is all about the methodologies and approaches you apply #trader #trading,20260106,https://www.youtube.com/watch?v=o5hZO_rMhBw,11,1429,MISSING,transcript_missing,0,NONE,0,0,No caption files found on disk.,2026-05-21T15:57:14.041462
oci2Xa1qZZc,You choose the prop firm and I’ll show you how to set it #trading #trader #algotrader #stockmarket,20260121,https://www.youtube.com/watch?v=oci2Xa1qZZc,35,775,AVAILABLE,canonical_selected,2,processed\transcripts_txt\oci2Xa1qZZc.en.txt,715,131,Selected longest manual English transcript.,2026-05-21T15:57:14.041464
od-RMjpRHLQ,That’s truly invaluable. #trading #trader #algotrading #institutionaltrading #finance,20260509,https://www.youtube.com/watch?v=od-RMjpRHLQ,27,1376,MISSING,transcript_missing,0,NONE,0,0,No caption files found on disk.,2026-05-21T15:57:14.041560
OeBAhsR7K4A,How to connect your propfirm account to Multicharts #trader #trading #daytrading #stockmarket,20260122,https://www.youtube.com/watch?v=OeBAhsR7K4A,43,1625,AVAILABLE,canonical_selected,2,processed\transcripts_txt\OeBAhsR7K4A.en.txt,813,151,Selected longest manual English transcript.,2026-05-21T15:57:14.041562
OesU35AbfNg,Learn how to backtest properly and automate your trades #trading #trader,20251227,https://www.youtube.com/watch?v=OesU35AbfNg,11,477,AVAILABLE,transcript_unusable,1,NONE,0,0,All 1 candidates were under 100 characters.,2026-05-21T15:57:14.041658
opsJ_imk4XQ,How going from chart drawing to analyzing the data feels #trading #trading,20251214,https://www.youtube.com/watch?v=opsJ_imk4XQ,10,692,AVAILABLE,canonical_selected,2,processed\transcripts_txt\opsJ_imk4XQ.en.txt,175,32,Selected longest manual English transcript.,2026-05-21T15:57:14.041703
OPylb_Jr-J8,How to use indicators for trading (institutional trader edition) #trading #trader #tradingstrategy,20260108,https://www.youtube.com/watch?v=OPylb_Jr-J8,35,1142,AVAILABLE,canonical_selected,2,processed\transcripts_txt\OPylb_Jr-J8.en.txt,659,116,Selected longest manual English transcript.,2026-05-21T15:57:14.041792
p-dyepJX69w,backtest a simplified version of your strategy to test the ground for actual profitability #trading,20251216,https://www.youtube.com/watch?v=p-dyepJX69w,6,593,MISSING,transcript_missing,0,NONE,0,0,No caption files found on disk.,2026-05-21T15:57:14.041907
P6PErii1Cio,Always know what your algorithmic strategies are doing #trading #tradingstrategy #algotrading,20251212,https://www.youtube.com/watch?v=P6PErii1Cio,7,1649,MISSING,transcript_missing,0,NONE,0,0,No caption files found on disk.,2026-05-21T15:57:14.041910
pcTMOg9osZ8,Do you understand how ridiculous is trading manually something like this?#trading #trader,20260126,https://www.youtube.com/watch?v=pcTMOg9osZ8,63,826,AVAILABLE,canonical_selected,2,processed\transcripts_txt\pcTMOg9osZ8.en.txt,1125,210,Selected longest manual English transcript.,2026-05-21T15:57:14.041911
pi32TlknVb0,Before he was “backtesting” scrolling the chart #trading #trader #daytrading #stockmarket #money,20260131,https://www.youtube.com/watch?v=pi32TlknVb0,8,268,AVAILABLE,transcript_unusable,2,NONE,0,0,All 2 candidates were under 100 characters.,2026-05-21T15:57:14.042016
PoflsTkXrQ0,Leverage AI to trade like an institutional trader #trading #trader #daytrading #finance #ai,20260514,https://www.youtube.com/watch?v=PoflsTkXrQ0,18,1564,AVAILABLE,canonical_selected,2,processed\transcripts_txt\PoflsTkXrQ0.en.txt,320,56,Selected longest manual English transcript.,2026-05-21T15:57:14.042088
PWtkI_0Ad34,Where to find your edge as a retail trader #trading #trader #tradingstrategy #daytrading,20251222,https://www.youtube.com/watch?v=PWtkI_0Ad34,11,285,AVAILABLE,canonical_selected,2,processed\transcripts_txt\PWtkI_0Ad34.en.txt,174,31,Selected longest manual English transcript.,2026-05-21T15:57:14.042181
Q1NzUmrRCfc,Link in bio #trading #trader #daytrading,20251227,https://www.youtube.com/watch?v=Q1NzUmrRCfc,25,336,MISSING,transcript_missing,0,NONE,0,0,No caption files found on disk.,2026-05-21T15:57:14.042267
Q3O5eZLHVeA,Comlexity is overrated (as a beginner) #trading #trader #tradingstrategy #daytrading,20260517,https://www.youtube.com/watch?v=Q3O5eZLHVeA,14,235,AVAILABLE,canonical_selected,2,processed\transcripts_txt\Q3O5eZLHVeA.en.txt,246,38,Selected longest manual English transcript.,2026-05-21T15:57:14.042270
q49Gshep5PQ,Reminder a 200% implied volatility can point to the downside too 📉#silver #trading #trader #gold,20260131,https://www.youtube.com/watch?v=q49Gshep5PQ,7,1912,AVAILABLE,transcript_unusable,2,NONE,0,0,All 2 candidates were under 100 characters.,2026-05-21T15:57:14.042355
QcVFfN0XcXY,AlexG exposed #trading #trader #daytrading #forextrading,20260512,https://www.youtube.com/watch?v=QcVFfN0XcXY,27,2282,MISSING,transcript_missing,0,NONE,0,0,No caption files found on disk.,2026-05-21T15:57:14.042425
qD_gaSlr9hI,"For the 2 people watching this on YT, I appreciate you and let me know if it is helpful #trading",20260114,https://www.youtube.com/watch?v=qD_gaSlr9hI,77,715,AVAILABLE,canonical_selected,2,processed\transcripts_txt\qD_gaSlr9hI.en.txt,1328,245,Selected longest manual English transcript.,2026-05-21T15:57:14.042427
qwll2wgX1Aw,"Most likely, but…#trading #ai #artificialintelligence #finance #investing",20260212,https://www.youtube.com/watch?v=qwll2wgX1Aw,18,758,AVAILABLE,canonical_selected,2,processed\transcripts_txt\qwll2wgX1Aw.en.txt,342,59,Selected longest manual English transcript.,2026-05-21T15:57:14.042535
rDX58U_Y3Cw,Gone in 3 weeks. #trading #trader #finance #daytrading #tradingeducation,20260108,https://www.youtube.com/watch?v=rDX58U_Y3Cw,10,1282,AVAILABLE,transcript_unusable,2,NONE,0,0,All 2 candidates were under 100 characters.,2026-05-21T15:57:14.042623
rhnGYUyWqxE,Build and trust your knowledge #trading #trader #warrenbuffett #finance #quotes,20251222,https://www.youtube.com/watch?v=rhnGYUyWqxE,15,1352,AVAILABLE,canonical_selected,2,processed\transcripts_txt\rhnGYUyWqxE.en.txt,268,53,Selected longest manual English transcript.,2026-05-21T15:57:14.042696
rjRW_uwBT3E,"Being passive is your choice, fugg or get fugged #trading #trader #daytrading #stockmarket #ict",20260212,https://www.youtube.com/watch?v=rjRW_uwBT3E,16,1171,AVAILABLE,canonical_selected,2,processed\transcripts_txt\rjRW_uwBT3E.en.txt,286,48,Selected longest manual English transcript.,2026-05-21T15:57:14.042782
rNC90QEgp-Q,The Trading Strategy That Made HUNDREDS of MILLIONS (And Why It's SIMPLE),20260517,https://www.youtube.com/watch?v=rNC90QEgp-Q,547,10904,AVAILABLE,canonical_selected,2,processed\transcripts_txt\rNC90QEgp-Q.en.txt,6373,1143,Selected longest manual English transcript.,2026-05-21T15:57:14.042893
RnYIlda-V8I,"Day 2, we don’t trade on charts we trade on data, so important selecting the right one #trading",20260102,https://www.youtube.com/watch?v=RnYIlda-V8I,36,462,AVAILABLE,canonical_selected,2,processed\transcripts_txt\RnYIlda-V8I.en.txt,715,131,Selected longest manual English transcript.,2026-05-21T15:57:14.043075
Rv-Gee1-jMY,That’s a very good reason why you should learn how to automate your #trading #trader #trading,20260104,https://www.youtube.com/watch?v=Rv-Gee1-jMY,35,371,AVAILABLE,canonical_selected,2,processed\transcripts_txt\Rv-Gee1-jMY.en.txt,631,113,Selected longest manual English transcript.,2026-05-21T15:57:14.043179
rwWEW-JUDAs,One in particular was introduced for the first time in 1968 and still valid today #trading #trader,20260519,https://www.youtube.com/watch?v=rwWEW-JUDAs,11,2315,AVAILABLE,canonical_selected,2,processed\transcripts_txt\rwWEW-JUDAs.en.txt,137,24,Selected longest manual English transcript.,2026-05-21T15:57:14.043273
s2mzq6eOjeY,Best performing large hedge funds for 2025 #trading #trader #finance #hedgefund #stockmarkets,20260103,https://www.youtube.com/watch?v=s2mzq6eOjeY,26,1288,MISSING,transcript_missing,0,NONE,0,0,No caption files found on disk.,2026-05-21T15:57:14.043360
sfS_hUjxuAQ,#trading #trader #daytrading #finance #tradingstrategy,20260503,https://www.youtube.com/watch?v=sfS_hUjxuAQ,20,1174,AVAILABLE,canonical_selected,2,processed\transcripts_txt\sfS_hUjxuAQ.en.txt,398,67,Selected longest manual English transcript.,2026-05-21T15:57:14.043363
sh1tWvU-hew,Just filming to deduct the dinner as business expense #trading #trader #daytrading #tax,20251229,https://www.youtube.com/watch?v=sh1tWvU-hew,7,603,AVAILABLE,transcript_unusable,1,NONE,0,0,All 1 candidates were under 100 characters.,2026-05-21T15:57:14.043451
Skov-_YZhWo,Master this to get into the top 0.1% of traders #trading #trader #daytrading #finance #swingtrading,20260507,https://www.youtube.com/watch?v=Skov-_YZhWo,24,1589,AVAILABLE,canonical_selected,2,processed\transcripts_txt\Skov-_YZhWo.en.txt,421,69,Selected longest manual English transcript.,2026-05-21T15:57:14.043494
skrIIo2CUdQ,The only way to win big on prediction markets #trading #business #businessideas,20260501,https://www.youtube.com/watch?v=skrIIo2CUdQ,20,1720,AVAILABLE,canonical_selected,2,processed\transcripts_txt\skrIIo2CUdQ.en.txt,356,60,Selected longest manual English transcript.,2026-05-21T15:57:14.043587
SOroAUKgqIY,Mind the exit logic of your #tradingstrategy #trader #trading,20260109,https://www.youtube.com/watch?v=SOroAUKgqIY,54,926,AVAILABLE,canonical_selected,2,processed\transcripts_txt\SOroAUKgqIY.en.txt,941,179,Selected longest manual English transcript.,2026-05-21T15:57:14.043672
SPqztAsaBw4,FYI #trading #trader #ict #orderflow,20260210,https://www.youtube.com/watch?v=SPqztAsaBw4,22,685,AVAILABLE,canonical_selected,2,processed\transcripts_txt\SPqztAsaBw4.en.txt,384,67,Selected longest manual English transcript.,2026-05-21T15:57:14.043766
sR-wShuMRh0,#trading #trader #daytrading #daytrader #tradingstrategy,20260127,https://www.youtube.com/watch?v=sR-wShuMRh0,55,641,AVAILABLE,canonical_selected,2,processed\transcripts_txt\sR-wShuMRh0.en.txt,1020,183,Selected longest manual English transcript.,2026-05-21T15:57:14.043884
SxsP9U-wiWg,The best trading tool is not trading view #trading #trader #finance #institutionaltrading,20260507,https://www.youtube.com/watch?v=SxsP9U-wiWg,35,1367,MISSING,transcript_missing,0,NONE,0,0,No caption files found on disk.,2026-05-21T15:57:14.043984
Syxvgoh_YEY,98% of institutionalized trading is automated. You have the chance to catch up today. #trading,20251226,https://www.youtube.com/watch?v=Syxvgoh_YEY,14,401,AVAILABLE,canonical_selected,2,processed\transcripts_txt\Syxvgoh_YEY.en.txt,252,44,Selected longest manual English transcript.,2026-05-21T15:57:14.043987
t9lp01yf7WU,Tradertom exposed #trading #trader #daytrading,20260414,https://www.youtube.com/watch?v=t9lp01yf7WU,56,1384,AVAILABLE,canonical_selected,2,processed\transcripts_txt\t9lp01yf7WU.en.txt,1026,178,Selected longest manual English transcript.,2026-05-21T15:57:14.044076
TctlHEpiGIo,If you want a career as trader for an IB #financecareer #finance #trader #investmentbanking,20260111,https://www.youtube.com/watch?v=TctlHEpiGIo,29,372,AVAILABLE,canonical_selected,2,processed\transcripts_txt\TctlHEpiGIo.en.txt,537,93,Selected longest manual English transcript.,2026-05-21T15:57:14.044171
tE1rhW1Tr7k,Code and walkthrough in private video series this week #trading #trader #stockmarket #daytrading,20260119,https://www.youtube.com/watch?v=tE1rhW1Tr7k,65,466,AVAILABLE,canonical_selected,2,processed\transcripts_txt\tE1rhW1Tr7k.en.txt,1362,241,Selected longest manual English transcript.,2026-05-21T15:57:14.044263
tfvpuai4cAw,Leave in the comment what the entry condition should be #trading #trader  #tradingstrategy,20260104,https://www.youtube.com/watch?v=tfvpuai4cAw,34,1297,AVAILABLE,canonical_selected,2,processed\transcripts_txt\tfvpuai4cAw.en.txt,632,115,Selected longest manual English transcript.,2026-05-21T15:57:14.044360
tPBrYuUhf2c,"You have already done the work, all you do now is you just let the strategy #trading #trader",20260129,https://www.youtube.com/watch?v=tPBrYuUhf2c,40,1211,AVAILABLE,canonical_selected,2,processed\transcripts_txt\tPBrYuUhf2c.en.txt,775,139,Selected longest manual English transcript.,2026-05-21T15:57:14.044451
TWYGWd6lOu0,It is important that all your strategies include stop loss and take profit #trader #trading,20260110,https://www.youtube.com/watch?v=TWYGWd6lOu0,43,940,AVAILABLE,canonical_selected,2,processed\transcripts_txt\TWYGWd6lOu0.en.txt,810,145,Selected longest manual English transcript.,2026-05-21T15:57:14.044560
u3X13fHjQ-k,Quant trading is what chart drawing evolved into  #trading #trader #stockmarket #quant,20260504,https://www.youtube.com/watch?v=u3X13fHjQ-k,14,2254,MISSING,transcript_missing,0,NONE,0,0,No caption files found on disk.,2026-05-21T15:57:14.044658
u7gUqsu7gsw,15th year in a row from uncle Mario. 😅 Merry Christmas to you all. #trading #treader #daytrading,20251225,https://www.youtube.com/watch?v=u7gUqsu7gsw,5,1375,MISSING,transcript_missing,0,NONE,0,0,No caption files found on disk.,2026-05-21T15:57:14.044661
uBcDzz5Mgb0,Now you can make even more money with #trading why quitting #trader #daytrading #money #stockmarket,20260510,https://www.youtube.com/watch?v=uBcDzz5Mgb0,17,1039,MISSING,transcript_missing,0,NONE,0,0,No caption files found on disk.,2026-05-21T15:57:14.044662
UCQrLxbpidT8aCG3CFbM_YMA,MatFinOg - Shorts,UNKNOWN,https://www.youtube.com/@MatFinOg/shorts,UNKNOWN,UNKNOWN,MISSING,metadata_only,0,NONE,0,0,N/A,2026-05-21T15:57:14.044664
UgyFifq0o8M,If you see this after January 31st I’m sorry for you #trading #trader #daytrading #stockmarket,20260130,https://www.youtube.com/watch?v=UgyFifq0o8M,46,665,MISSING,transcript_missing,0,NONE,0,0,No caption files found on disk.,2026-05-21T15:57:14.044666
uiACLwiU-j4,This is how the majority od retail traders will trade in 2 years. Be first #trading #trader #futures,20260111,https://www.youtube.com/watch?v=uiACLwiU-j4,34,864,AVAILABLE,canonical_selected,2,processed\transcripts_txt\uiACLwiU-j4.en.txt,534,94,Selected longest manual English transcript.,2026-05-21T15:57:14.044667
uIbPQfYW7Gk,How do you optimize your trading strategies? #trading #trader #tradingstrategy #algotrading,20260113,https://www.youtube.com/watch?v=uIbPQfYW7Gk,59,536,AVAILABLE,canonical_selected,2,processed\transcripts_txt\uIbPQfYW7Gk.en.txt,1032,190,Selected longest manual English transcript.,2026-05-21T15:57:14.044760
uorhRcfGfNI,This is how to get institutional grade trading strategies ideas #trading #trader #daytrading,20260125,https://www.youtube.com/watch?v=uorhRcfGfNI,35,1094,AVAILABLE,canonical_selected,2,processed\transcripts_txt\uorhRcfGfNI.en.txt,721,125,Selected longest manual English transcript.,2026-05-21T15:57:14.044877
uQUqDE8OJuU,"Thank you all, I hope you found the series insightful #trading #trader #daytrading",20260130,https://www.youtube.com/watch?v=uQUqDE8OJuU,40,1311,AVAILABLE,canonical_selected,2,processed\transcripts_txt\uQUqDE8OJuU.en.txt,781,133,Selected longest manual English transcript.,2026-05-21T15:57:14.044972
vCiLUnw7ovs,Test properly your #tradingstrategy don’t rely on what’s you feel #trading #trader,20260124,https://www.youtube.com/watch?v=vCiLUnw7ovs,31,1073,AVAILABLE,canonical_selected,2,processed\transcripts_txt\vCiLUnw7ovs.en.txt,685,119,Selected longest manual English transcript.,2026-05-21T15:57:14.045066
VhxH_QrJzTE,Paper downloadable for free in the SSRN website #trading #trader #institutionaltrading #daytrading,20260122,https://www.youtube.com/watch?v=VhxH_QrJzTE,21,1318,AVAILABLE,canonical_selected,2,processed\transcripts_txt\VhxH_QrJzTE.en.txt,374,60,Selected longest manual English transcript.,2026-05-21T15:57:14.045160
vXRZCx_nvRg,"don’t look for the right indicator, look for a thesis you can’t prove wrong #trading #trader",20260214,https://www.youtube.com/watch?v=vXRZCx_nvRg,27,423,AVAILABLE,canonical_selected,2,processed\transcripts_txt\vXRZCx_nvRg.en.txt,478,77,Selected longest manual English transcript.,2026-05-21T15:57:14.045255
vyw7uUE8hFk,If it can help one person I’m happy with it #trading #trader #stocks #finance,20260505,https://www.youtube.com/watch?v=vyw7uUE8hFk,40,1209,MISSING,transcript_missing,0,NONE,0,0,No caption files found on disk.,2026-05-21T15:57:14.045343
VzqVsOREv98,But without the mouse #christmas #investmentbanking #finance #trading #excel,20251215,https://www.youtube.com/watch?v=VzqVsOREv98,12,2573,MISSING,transcript_missing,0,NONE,0,0,No caption files found on disk.,2026-05-21T15:57:14.045345
WaHowoBISKw,"A look to the entire data period, time to go towards live #trading #trader #daytrading #stockmarket",20260121,https://www.youtube.com/watch?v=WaHowoBISKw,81,495,AVAILABLE,canonical_selected,2,processed\transcripts_txt\WaHowoBISKw.en.txt,1466,261,Selected longest manual English transcript.,2026-05-21T15:57:14.045347
wdTpHy6EDfY,Is it actual 24/7? #nasdaq #trading #trader #daytrading #stocktrading,20251216,https://www.youtube.com/watch?v=wdTpHy6EDfY,36,1825,MISSING,transcript_missing,0,NONE,0,0,No caption files found on disk.,2026-05-21T15:57:14.045447
WoT4fmaWz_Q,Same as the past 14 years 🫡 #trading #trader #daytrading #newyear #motivation,20251213,https://www.youtube.com/watch?v=WoT4fmaWz_Q,14,1374,AVAILABLE,transcript_unusable,2,NONE,0,0,All 2 candidates were under 100 characters.,2026-05-21T15:57:14.045449
WsaMrdsRbpE,What is the best data provider for #trading which one would you include? #trader #algotrading,20251229,https://www.youtube.com/watch?v=WsaMrdsRbpE,19,305,AVAILABLE,canonical_selected,2,processed\transcripts_txt\WsaMrdsRbpE.en.txt,320,55,Selected longest manual English transcript.,2026-05-21T15:57:14.045528
wTCkoSp7Jlo,How to use ChatGPT to create your Custom Trading Indicator on TradingView. #trading #trader,20260206,https://www.youtube.com/watch?v=wTCkoSp7Jlo,45,332,AVAILABLE,canonical_selected,2,processed\transcripts_txt\wTCkoSp7Jlo.en.txt,848,146,Selected longest manual English transcript.,2026-05-21T15:57:14.045614
wusrxwNBI-8,How to handle overfitting and Market’s regimes  #trader #institutionaltrading #daytrading #stocks,20260118,https://www.youtube.com/watch?v=wusrxwNBI-8,64,468,AVAILABLE,canonical_selected,2,processed\transcripts_txt\wusrxwNBI-8.en.txt,1015,182,Selected longest manual English transcript.,2026-05-21T15:57:14.045706
wXKLsp2AYM0,"98% of institutional trades are automated, why do you are not doing the same? #trading #trader",20251226,https://www.youtube.com/watch?v=wXKLsp2AYM0,5,1333,MISSING,transcript_missing,0,NONE,0,0,No caption files found on disk.,2026-05-21T15:57:14.045801
WZ06lYmRAb4,A different pov on CAPM #trading #trader #daytrading #finance #investing,20251211,https://www.youtube.com/watch?v=WZ06lYmRAb4,42,1463,AVAILABLE,canonical_selected,2,processed\transcripts_txt\WZ06lYmRAb4.en.txt,789,133,Selected longest manual English transcript.,2026-05-21T15:57:14.045804
wZP5w4qXqH8,Is discretionary better than automated #trading ? #trader #finance #stockmarket,20260513,https://www.youtube.com/watch?v=wZP5w4qXqH8,18,1810,AVAILABLE,canonical_selected,2,processed\transcripts_txt\wZP5w4qXqH8.en.txt,297,50,Selected longest manual English transcript.,2026-05-21T15:57:14.045924
X91etxLCEw4,Video Nr. 2 out tomorrow:The #trading strategy that made hundreds of Millions (and why is simple),20260516,https://www.youtube.com/watch?v=X91etxLCEw4,16,1321,AVAILABLE,canonical_selected,2,processed\transcripts_txt\X91etxLCEw4.en.txt,193,34,Selected longest manual English transcript.,2026-05-21T15:57:14.046016
XFaLnULdM8w,That’s really it. #trading #trader #daytrading #tradingbook,20251220,https://www.youtube.com/watch?v=XFaLnULdM8w,146,803,AVAILABLE,canonical_selected,2,processed\transcripts_txt\XFaLnULdM8w.en.txt,1805,306,Selected longest manual English transcript.,2026-05-21T15:57:14.046102
XnDTCYhHFaQ,To succeed without efforts #trading #trader #daytrading #daytrader #money,20260203,https://www.youtube.com/watch?v=XnDTCYhHFaQ,14,1552,AVAILABLE,canonical_selected,2,processed\transcripts_txt\XnDTCYhHFaQ.en.txt,212,42,Selected longest manual English transcript.,2026-05-21T15:57:14.046205
xnjw2o-F1YE,Here to shrink the gap between retail and institutional trading #trading #daytrading #trader,20251209,https://www.youtube.com/watch?v=xnjw2o-F1YE,14,2360,MISSING,transcript_missing,0,NONE,0,0,No caption files found on disk.,2026-05-21T15:57:14.046292
xOP8AxnPU_A,Italians traders are a different breed #trading #trader #daytrading #daytrader,20260102,https://www.youtube.com/watch?v=xOP8AxnPU_A,9,1134,MISSING,transcript_missing,0,NONE,0,0,No caption files found on disk.,2026-05-21T15:57:14.046294
Y4PAUAiiOa8,Shrinking the 30 years gap between retail and institutional trading #daytrading #trader #trading,20251210,https://www.youtube.com/watch?v=Y4PAUAiiOa8,31,1001,AVAILABLE,canonical_selected,2,processed\transcripts_txt\Y4PAUAiiOa8.en.txt,594,101,Selected longest manual English transcript.,2026-05-21T15:57:14.046295
Yhwro_QwhNQ,How to size your #trading positions like an institutional #trader #futurestrading #stockmarket,20251229,https://www.youtube.com/watch?v=Yhwro_QwhNQ,35,1239,MISSING,transcript_missing,0,NONE,0,0,No caption files found on disk.,2026-05-21T15:57:14.046392
YK66iEYK6FA,You just need a structured process and leverage the tools you have access to.#trading #trader #quant,20260127,https://www.youtube.com/watch?v=YK66iEYK6FA,39,638,AVAILABLE,canonical_selected,2,processed\transcripts_txt\YK66iEYK6FA.en.txt,679,103,Selected longest manual English transcript.,2026-05-21T15:57:14.046394
YOdXD09kcMw,#trading #trader #tradingstrategy #daytrading #daytrader,20260203,https://www.youtube.com/watch?v=YOdXD09kcMw,31,639,AVAILABLE,canonical_selected,2,processed\transcripts_txt\YOdXD09kcMw.en.txt,583,98,Selected longest manual English transcript.,2026-05-21T15:57:14.046493
yP9VhQqgKHM,The main disadvantages of trading manually. Leverage the power of your computer. #trading #trader,20260105,https://www.youtube.com/watch?v=yP9VhQqgKHM,11,316,AVAILABLE,canonical_selected,2,processed\transcripts_txt\yP9VhQqgKHM.en.txt,198,32,Selected longest manual English transcript.,2026-05-21T15:57:14.046585
YTZKPdJZXBE,Is backtesting a waste of time? #trading #trader #finance #algotrading #quant,20260512,https://www.youtube.com/watch?v=YTZKPdJZXBE,29,1566,AVAILABLE,canonical_selected,2,processed\transcripts_txt\YTZKPdJZXBE.en.txt,525,91,Selected longest manual English transcript.,2026-05-21T15:57:14.046672
z0a-by7H6xQ,Day 8 Coding entry logic #trading #trader #daytrading #tradingstrategy,20260108,https://www.youtube.com/watch?v=z0a-by7H6xQ,43,981,AVAILABLE,canonical_selected,2,processed\transcripts_txt\z0a-by7H6xQ.en.txt,799,146,Selected longest manual English transcript.,2026-05-21T15:57:14.046765
z0_q-g7-9Cg,Get to work. #trading #trader #stockmarket #crypto #daytrading #forex,20260116,https://www.youtube.com/watch?v=z0_q-g7-9Cg,9,389,AVAILABLE,transcript_unusable,2,NONE,0,0,All 2 candidates were under 100 characters.,2026-05-21T15:57:14.046878
Z3WwshhgN1E,Rule nr1. In #algotrading #trading #trader #algorithmictrading  #tradingstrategy #finance,20260520,https://www.youtube.com/watch?v=Z3WwshhgN1E,13,1064,AVAILABLE,canonical_selected,2,processed\transcripts_txt\Z3WwshhgN1E.en.txt,219,36,Selected longest manual English transcript.,2026-05-21T15:57:14.046953
zm4p9g1TJVw,My secret 🤫 #trading #treader #daytrading,20251221,https://www.youtube.com/watch?v=zm4p9g1TJVw,5,590,MISSING,transcript_missing,0,NONE,0,0,No caption files found on disk.,2026-05-21T15:57:14.047041
zNKMVR0z_fo,Hard work will always be your best investment #hardwork #family #motivation #trading,20251218,https://www.youtube.com/watch?v=zNKMVR0z_fo,7,253,MISSING,transcript_missing,0,NONE,0,0,No caption files found on disk.,2026-05-21T15:57:14.047044
ZQOOwBNau4w,Don’t expect the skill set among traders on trading floors to be equal.#trading #trader #finance,20260112,https://www.youtube.com/watch?v=ZQOOwBNau4w,5,753,MISSING,transcript_missing,0,NONE,0,0,No caption files found on disk.,2026-05-21T15:57:14.047045
_2otbUcxLs0,It reduces discount rates on future earnings and ease financial conditions #finance #trading #trader,20251210,https://www.youtube.com/watch?v=_2otbUcxLs0,5,431,MISSING,transcript_missing,0,NONE,0,0,No caption files found on disk.,2026-05-21T15:57:14.047046
_9WkORedFJg,#investing #trading #trader #finance #stockmarket #crypto,20260305,https://www.youtube.com/watch?v=_9WkORedFJg,26,963,AVAILABLE,canonical_selected,2,processed\transcripts_txt\_9WkORedFJg.en.txt,436,77,Selected longest manual English transcript.,2026-05-21T15:57:14.047047
_SOTjV-GHOI,"You want to be different, yet you keep doing what 99% of retail traders do. #trading #trader",20260121,https://www.youtube.com/watch?v=_SOTjV-GHOI,20,120,AVAILABLE,canonical_selected,2,processed\transcripts_txt\_SOTjV-GHOI.en.txt,145,27,Selected longest manual English transcript.,2026-05-21T15:57:14.047144
_xmS6m8ZsXo,"It is a vicious cycle, but you got to love it. #trading #trader #motivation #money #daytrading",20260102,https://www.youtube.com/watch?v=_xmS6m8ZsXo,12,379,MISSING,transcript_missing,0,NONE,0,0,No caption files found on disk.,2026-05-21T15:57:14.047229
